,Epoch_UTC,Local_Date_Time,T,RH,COâ‚‚,DP,AH,HI,Minutes
66037,1692589581.3,2023-08-20 21:46:21.345863,25.304,97.612,4512.0,24.898,22.806,26.439,0.0
66038,1692590181.3,2023-08-20 21:56:21.346221,25.304,97.591,4498.0,24.895,22.801,26.439,10.000005966663593
66039,1692590781.3,2023-08-20 22:06:21.346240,25.288,97.595,4493.0,24.88,22.782,26.421,20.00000628331327
66040,1692591381.4,2023-08-20 22:16:21.397788,25.288,97.586,4512.0,24.878,22.779,26.421,30.000865416659508
66041,1692591981.4,2023-08-20 22:26:21.397822,25.331,97.589,4510.0,24.921,22.835,26.468,40.00086598334019
66042,1692592581.4,2023-08-20 22:36:21.398379,25.304,97.548,4514.0,24.887,22.791,26.437,50.0008752666472
66043,1692593181.4,2023-08-20 22:46:21.398404,25.331,97.568,4528.0,24.918,22.83,26.467,60.00087568332674
66044,1692593781.4,2023-08-20 22:56:21.398831,25.318,97.584,4506.0,24.907,22.817,26.453,70.00088279999909
66045,1692594381.4,2023-08-20 23:06:21.398850,25.318,97.552,4503.0,24.902,22.809,26.452,80.00088311667787
66046,1692594981.4,2023-08-20 23:16:21.399318,25.318,97.595,4510.0,24.909,22.819,26.453,90.00089091667905
66047,1692595581.4,2023-08-20 23:26:21.399341,25.331,97.577,4506.0,24.919,22.832,26.468,100.0008913000056
66048,1692596181.4,2023-08-20 23:36:21.400073,25.318,97.572,4508.0,24.905,22.814,26.453,110.00090350001119
66049,1692596781.4,2023-08-20 23:46:21.400097,25.318,97.563,4513.0,24.903,22.812,26.453,120.00090390001424
66050,1692597381.4,2023-08-20 23:56:21.400459,25.318,97.584,4507.0,24.907,22.817,26.453,130.0009099333256
66051,1692597981.4,2023-08-21 00:06:21.400484,25.318,97.552,4521.0,24.902,22.809,26.452,140.00091035000514
66052,1692598581.4,2023-08-21 00:16:21.400875,25.318,97.552,4518.0,24.902,22.809,26.452,150.00091686667292
66053,1692599181.4,2023-08-21 00:26:21.400899,25.318,97.54,4492.0,24.899,22.806,26.452,160.00091726667597
66054,1692599781.4,2023-08-21 00:36:21.401266,25.331,97.557,4515.0,24.916,22.827,26.467,170.0009233833407
66055,1692600381.4,2023-08-21 00:46:21.401291,25.331,97.568,4527.0,24.918,22.83,26.467,180.00092380002025
66056,1692600981.4,2023-08-21 00:56:21.401747,25.331,97.557,4502.0,24.916,22.827,26.467,190.0009313999908
66057,1692601581.4,2023-08-21 01:06:21.401776,25.318,97.572,4492.0,24.905,22.814,26.453,200.00093188331812
66058,1692602181.4,2023-08-21 01:16:21.402166,25.318,97.572,4495.0,24.905,22.814,26.453,210.0009383833385
66059,1692602781.4,2023-08-21 01:26:21.402192,25.304,97.536,4493.0,24.885,22.788,26.437,220.00093881666544
66060,1692603381.4,2023-08-21 01:36:21.402572,25.318,97.604,4495.0,24.91,22.821,26.454,230.0009451500082
66061,1692603981.4,2023-08-21 01:46:21.402596,25.304,97.548,4519.0,24.887,22.791,26.437,240.00094555001124
66062,1692604581.4,2023-08-21 01:56:21.402994,25.318,97.584,4517.0,24.907,22.817,26.453,250.00095218332717
66063,1692605181.4,2023-08-21 02:06:21.403013,25.318,97.552,4500.0,24.902,22.809,26.452,260.00095250000595
66064,1692605781.4,2023-08-21 02:16:21.403452,25.331,97.577,4518.0,24.919,22.832,26.468,270.0009598166798
66065,1692606381.4,2023-08-21 02:26:21.403471,25.304,97.559,4511.0,24.889,22.793,26.438,280.0009601333295
66066,1692606981.4,2023-08-21 02:36:21.403853,25.318,97.531,4512.0,24.898,22.804,26.452,290.00096649999614
66067,1692607581.4,2023-08-21 02:46:21.403873,25.304,97.536,4508.0,24.885,22.788,26.437,300.0009668333223
66068,1692608181.4,2023-08-21 02:56:21.404261,25.318,97.552,4512.0,24.902,22.809,26.452,310.0009732999897
66069,1692608781.4,2023-08-21 03:06:21.404278,25.304,97.536,4504.0,24.885,22.788,26.437,320.0009735833155
66070,1692609381.6,2023-08-21 03:16:21.569073,25.318,97.552,4514.0,24.902,22.809,26.452,330.0037201666564
66071,1692609981.6,2023-08-21 03:26:21.569081,25.331,97.545,4538.0,24.914,22.824,26.467,340.0037203000102
66072,1692610581.6,2023-08-21 03:36:21.569190,25.318,97.508,4524.0,24.894,22.799,26.451,350.00372211667127
66073,1692611181.6,2023-08-21 03:46:21.569193,25.331,97.589,4525.0,24.921,22.835,26.468,360.00372216667165
66074,1692611781.6,2023-08-21 03:56:21.569290,25.318,97.595,4528.0,24.909,22.819,26.453,370.0037237833312
66075,1692612381.6,2023-08-21 04:06:21.569294,25.304,97.568,4524.0,24.891,22.796,26.438,380.0037238500081
66076,1692612981.6,2023-08-21 04:16:21.569387,25.304,97.548,4513.0,24.887,22.791,26.437,390.0037253999908
66077,1692613581.6,2023-08-21 04:26:21.569391,25.304,97.548,4503.0,24.887,22.791,26.437,400.0037254666677
66078,1692614181.6,2023-08-21 04:36:21.569450,25.318,97.552,4519.0,24.902,22.809,26.452,410.0037264499988
66079,1692614781.6,2023-08-21 04:46:21.569453,25.304,97.559,4503.0,24.889,22.793,26.438,420.0037264999992
66080,1692615381.6,2023-08-21 04:56:21.569496,25.304,97.568,4497.0,24.891,22.796,26.438,430.0037272166519
66081,1692615981.6,2023-08-21 05:06:21.569499,25.304,97.559,4485.0,24.889,22.793,26.438,440.0037272666523
66082,1692616581.6,2023-08-21 05:16:21.569599,25.347,97.594,4488.0,24.938,22.856,26.486,450.00372893331223
66083,1692617181.6,2023-08-21 05:26:21.569629,25.318,97.595,4480.0,24.909,22.819,26.453,460.00372943334514
66084,1692617781.6,2023-08-21 05:36:21.569722,25.304,97.548,4468.0,24.887,22.791,26.437,470.00373098332784
66085,1692618381.6,2023-08-21 05:46:21.569727,25.262,97.566,4455.0,24.848,22.741,26.391,480.0037310666521
66086,1692618981.6,2023-08-21 05:56:21.569816,25.304,97.559,4438.0,24.889,22.793,26.438,490.00373254998703
66087,1692619581.6,2023-08-21 06:06:21.569820,25.288,97.563,4448.0,24.874,22.774,26.42,500.0037326166639
66088,1692620181.6,2023-08-21 06:16:21.569929,25.288,97.563,4437.0,24.874,22.774,26.42,510.003734433325
66089,1692620781.6,2023-08-21 06:26:21.569933,25.275,97.559,4431.0,24.86,22.756,26.405,520.0037345000019
66090,1692621381.6,2023-08-21 06:36:21.570022,25.288,97.554,4439.0,24.873,22.772,26.42,530.0037359833368
66091,1692621981.6,2023-08-21 06:46:21.570026,25.318,97.552,4429.0,24.902,22.809,26.452,540.0037360499846
66092,1692622581.6,2023-08-21 06:56:21.570117,25.288,97.543,4429.0,24.871,22.769,26.42,550.0037375666725
66093,1692623181.6,2023-08-21 07:06:21.570122,25.288,97.543,4437.0,24.871,22.769,26.42,560.0037376499968
66094,1692623781.6,2023-08-21 07:16:21.570203,25.288,97.575,4440.0,24.876,22.777,26.421,570.0037389999779
66095,1692624381.6,2023-08-21 07:26:21.570207,25.304,97.568,4449.0,24.891,22.796,26.438,580.0037390666548
66096,1692624981.6,2023-08-21 07:36:21.570294,25.318,97.595,4442.0,24.909,22.819,26.453,590.0037405166659
66097,1692625581.6,2023-08-21 07:46:21.570299,25.318,97.552,4443.0,24.902,22.809,26.452,600.0037405999901
66098,1692626181.6,2023-08-21 07:56:21.570381,25.331,97.525,4442.0,24.91,22.82,26.466,610.0037419666769
66099,1692626781.6,2023-08-21 08:06:21.570384,25.318,97.572,4447.0,24.905,22.814,26.453,620.0037420166773
66100,1692627381.6,2023-08-21 08:16:21.570722,25.304,97.548,4444.0,24.887,22.791,26.437,630.0037476499856
66101,1692627981.6,2023-08-21 08:26:21.570726,25.304,97.536,4443.0,24.885,22.788,26.437,640.0037477166625
66102,1692628581.6,2023-08-21 08:36:21.570808,25.288,97.543,4440.0,24.871,22.769,26.42,650.0037490833201
66103,1692629181.6,2023-08-21 08:46:21.570813,25.288,97.575,4427.0,24.876,22.777,26.421,660.0037491666735
66104,1692629781.6,2023-08-21 08:56:21.570890,25.262,97.566,4406.0,24.848,22.741,26.391,670.0037504500069
66105,1692630381.6,2023-08-21 09:06:21.570896,25.232,97.568,4425.0,24.819,22.704,26.359,680.0037505500077
66106,1692630981.6,2023-08-21 09:16:21.570978,25.248,97.54,4433.0,24.83,22.718,26.376,690.0037519166654
66107,1692631581.6,2023-08-21 09:26:21.570983,25.206,97.516,4443.0,24.783,22.657,26.328,700.0037519999896
66108,1692632181.6,2023-08-21 09:36:21.571066,25.19,97.543,4428.0,24.772,22.643,26.311,710.0037533833238
66109,1692632781.6,2023-08-21 09:46:21.571070,25.163,97.534,4448.0,24.744,22.607,26.281,720.0037534500007
66110,1692633381.6,2023-08-21 09:56:21.571163,25.134,97.545,4414.0,24.717,22.573,26.249,730.0037550000125
66111,1692633981.6,2023-08-21 10:06:21.571166,25.248,97.595,4400.0,24.84,22.73,26.377,740.0037550500128
66112,1692634581.6,2023-08-21 10:16:21.571249,25.304,97.559,4362.0,24.889,22.793,26.438,750.0037564333179
66113,1692635181.6,2023-08-21 10:26:21.571253,25.304,97.504,4296.0,24.88,22.781,26.436,760.0037564999948
66114,1692635781.6,2023-08-21 10:36:21.571375,25.347,97.549,4297.0,24.93,22.846,26.485,770.0037585333339
66115,1692636381.6,2023-08-21 10:46:21.571378,25.331,97.589,4271.0,24.921,22.835,26.468,780.0037585833343
66116,1692636981.6,2023-08-21 10:56:21.571471,25.347,97.54,4245.0,24.929,22.844,26.484,790.003760133317
66117,1692637581.6,2023-08-21 11:06:21.571474,25.347,97.549,4252.0,24.93,22.846,26.485,800.0037601833174
66118,1692638181.6,2023-08-21 11:16:21.571560,25.387,97.498,4227.0,24.961,22.885,26.527,810.0037616166519
66119,1692638781.6,2023-08-21 11:26:21.571563,25.43,97.511,4201.0,25.006,22.943,26.575,820.0037616666523
66120,1692639381.6,2023-08-21 11:36:21.571646,25.43,97.449,4194.0,24.996,22.929,26.573,830.0037630499864
66121,1692639981.6,2023-08-21 11:46:21.571650,25.446,97.475,4191.0,25.016,22.955,26.591,840.0037631166633
66122,1692640581.6,2023-08-21 11:56:21.571738,25.473,97.44,4174.0,25.037,22.981,26.62,850.0037645833218
66123,1692641181.6,2023-08-21 12:06:21.571742,25.473,97.452,4139.0,25.039,22.984,26.62,860.0037646499986
66124,1692641781.6,2023-08-21 12:16:21.571828,25.459,97.435,4128.0,25.022,22.963,26.605,870.0037660833332
66125,1692642381.6,2023-08-21 12:26:21.571833,25.446,97.421,4123.0,25.007,22.943,26.59,880.0037661666574
66126,1692642981.6,2023-08-21 12:36:21.571919,25.43,97.426,4087.0,24.992,22.923,26.572,890.003767599992
66127,1692643581.6,2023-08-21 12:46:21.571923,25.446,97.462,4075.0,25.014,22.952,26.591,900.0037676666689
66128,1692644181.6,2023-08-21 12:56:21.572001,25.446,97.462,4065.0,25.014,22.952,26.591,910.0037689666497
66129,1692644781.6,2023-08-21 13:06:21.572006,25.417,97.444,4034.0,24.981,22.91,26.558,920.003769050003
66130,1692645381.6,2023-08-21 13:16:21.572260,25.417,97.433,4028.0,24.98,22.908,26.558,930.0037732833298
66131,1692645981.6,2023-08-21 13:26:21.572263,25.403,97.449,4026.0,24.969,22.894,26.544,940.0037733333302
66132,1692646581.6,2023-08-21 13:36:21.572345,25.417,97.453,3994.0,24.983,22.913,26.558,950.0037746999878
66133,1692647181.6,2023-08-21 13:46:21.572349,25.387,97.456,3967.0,24.954,22.876,26.526,960.0037747666647
66134,1692647781.6,2023-08-21 13:56:21.572430,25.387,97.467,3944.0,24.956,22.878,26.526,970.003776116675
66135,1692648381.6,2023-08-21 14:06:21.572434,25.36,97.447,3922.0,24.926,22.839,26.497,980.0037761833228
66136,1692648981.6,2023-08-21 14:16:21.572514,25.347,97.443,3904.0,24.912,22.821,26.482,990.0037775166566
66137,1692649581.6,2023-08-21 14:26:21.572517,25.318,97.465,3869.0,24.887,22.789,26.45,1000.0037775666569
66138,1692650181.6,2023-08-21 14:36:21.572600,25.318,97.453,3854.0,24.885,22.786,26.45,1010.0037789499911
66139,1692650781.6,2023-08-21 14:46:21.572604,25.318,97.465,3830.0,24.887,22.789,26.45,1020.003779016668
66140,1692651381.6,2023-08-21 14:56:21.572691,25.331,97.479,3819.0,24.902,22.809,26.465,1030.00378046665
66141,1692651981.6,2023-08-21 15:06:21.572697,25.36,97.49,3809.0,24.933,22.849,26.498,1040.0037805666798
66142,1692652581.6,2023-08-21 15:16:21.572780,25.403,97.461,3793.0,24.971,22.897,26.544,1050.0037819499848
66143,1692653181.6,2023-08-21 15:26:21.572784,25.446,97.462,3777.0,25.014,22.952,26.591,1060.0037820166617
66144,1692653781.6,2023-08-21 15:36:21.572857,25.486,97.488,3773.0,25.058,23.01,26.636,1070.0037832333182
66145,1692654381.6,2023-08-21 15:46:21.572861,25.459,97.458,3760.0,25.026,22.969,26.606,1080.0037832999951
66146,1692654981.6,2023-08-21 15:56:21.572937,25.502,97.472,3751.0,25.071,23.027,26.653,1090.0037845666811
66147,1692655581.6,2023-08-21 16:06:21.572941,25.502,97.374,3729.0,25.055,23.004,26.65,1100.003784633329
66148,1692656181.6,2023-08-21 16:16:21.573017,25.417,97.453,3752.0,24.983,22.913,26.558,1110.0037858999858
66149,1692656781.6,2023-08-21 16:26:21.573021,25.486,97.54,3748.0,25.067,23.022,26.637,1120.0037859666627
66150,1692657381.6,2023-08-21 16:36:21.573099,25.561,97.392,3739.0,25.116,23.084,26.715,1130.0037872666726
66151,1692657981.6,2023-08-21 16:46:21.573103,25.603,97.321,3738.0,25.146,23.122,26.761,1140.0037873333495
66152,1692658581.6,2023-08-21 16:56:21.573185,25.63,97.339,3728.0,25.176,23.161,26.79,1150.0037887000071
66153,1692659181.6,2023-08-21 17:06:21.573192,25.646,97.278,3746.0,25.182,23.167,26.806,1160.0037888166553
66154,1692659781.6,2023-08-21 17:16:21.573271,25.673,97.31,3744.0,25.214,23.21,26.837,1170.0037901333126
66155,1692660381.6,2023-08-21 17:26:21.573276,25.66,97.273,3738.0,25.194,23.184,26.821,1180.003790216666
66156,1692660981.6,2023-08-21 17:36:21.573355,25.646,97.247,3736.0,25.176,23.16,26.806,1190.0037915333232
66157,1692661581.6,2023-08-21 17:46:21.573358,25.66,97.293,3745.0,25.198,23.188,26.822,1200.0037915833236
66158,1692662181.6,2023-08-21 17:56:21.573442,25.63,97.284,3737.0,25.167,23.148,26.789,1210.0037929833343
66159,1692662781.6,2023-08-21 18:06:21.573445,25.617,97.279,3751.0,25.153,23.13,26.774,1220.0037930333347
66160,1692663381.6,2023-08-21 18:16:21.573759,25.617,97.314,3736.0,25.159,23.138,26.775,1230.003798266669
66161,1692663981.6,2023-08-21 18:26:21.573762,25.587,97.292,3764.0,25.125,23.095,26.742,1240.0037983166694
66162,1692664581.6,2023-08-21 18:36:21.573851,25.545,97.311,3750.0,25.086,23.044,26.696,1250.0037998000043
66163,1692665181.6,2023-08-21 18:46:21.573855,25.446,97.43,3776.0,25.008,22.945,26.59,1260.0037998666812
66164,1692665781.6,2023-08-21 18:56:21.573913,25.374,97.44,3809.0,24.938,22.854,26.511,1270.0038008333358
66165,1692666381.6,2023-08-21 19:06:21.573916,25.318,97.476,3822.0,24.888,22.791,26.45,1280.0038008833362
66166,1692666981.6,2023-08-21 19:16:21.573968,25.304,97.494,3849.0,24.878,22.778,26.436,1290.00380174999
66167,1692667581.6,2023-08-21 19:26:21.573972,25.248,97.53,3881.0,24.828,22.715,26.375,1300.003801816667
66168,1692668181.6,2023-08-21 19:36:21.574055,25.206,97.516,3898.0,24.783,22.657,26.328,1310.0038032000011
66169,1692668781.6,2023-08-21 19:46:21.574060,25.19,97.531,3916.0,24.77,22.641,26.311,1320.0038032833254
66170,1692669381.6,2023-08-21 19:56:21.574116,25.176,97.539,3930.0,24.758,22.625,26.296,1330.0038042166561
66171,1692669981.6,2023-08-21 20:06:21.574120,25.163,97.522,3961.0,24.742,22.605,26.281,1340.003804283333
66172,1692670581.6,2023-08-21 20:16:21.574191,25.134,97.493,3966.0,24.708,22.561,26.248,1350.0038054666657
66173,1692671181.6,2023-08-21 20:26:21.574196,25.15,97.498,3995.0,24.724,22.582,26.266,1360.003805550019
66174,1692671781.6,2023-08-21 20:36:21.574280,25.15,97.52,3999.0,24.728,22.587,26.266,1370.0038069500006
66175,1692672381.6,2023-08-21 20:46:21.574285,25.15,97.531,4021.0,24.73,22.59,26.267,1380.0038070333248
66176,1692672981.6,2023-08-21 20:56:21.574358,25.163,97.513,4021.0,24.74,22.602,26.281,1390.0038082500105
66177,1692673581.6,2023-08-21 21:06:21.574363,25.15,97.485,4046.0,24.722,22.579,26.265,1400.0038083333347
66178,1692674181.6,2023-08-21 21:16:21.574419,25.163,97.513,4064.0,24.74,22.602,26.281,1410.0038092666655
66179,1692674781.6,2023-08-21 21:26:21.574424,25.15,97.52,4068.0,24.728,22.587,26.266,1420.0038093499898
66180,1692675381.6,2023-08-21 21:36:21.574505,25.15,97.498,4090.0,24.724,22.582,26.266,1430.0038107
66181,1692675981.6,2023-08-21 21:46:21.574510,25.163,97.502,4101.0,24.739,22.6,26.281,1440.0038107833534
66182,1692676581.6,2023-08-21 21:56:21.574584,25.134,97.504,4102.0,24.71,22.563,26.248,1450.0038120166573
66183,1692677181.6,2023-08-21 22:06:21.574587,25.163,97.502,4121.0,24.739,22.6,26.281,1460.0038120666577
66184,1692677781.6,2023-08-21 22:16:21.574662,25.134,97.513,4129.0,24.711,22.565,26.249,1470.0038133166672
66185,1692678381.6,2023-08-21 22:26:21.574666,25.15,97.498,4137.0,24.724,22.582,26.266,1480.003813383315
66186,1692678981.6,2023-08-21 22:36:21.574746,25.15,97.476,4143.0,24.721,22.577,26.265,1490.0038147166779
66187,1692679581.6,2023-08-21 22:46:21.574749,25.15,97.485,4157.0,24.722,22.579,26.265,1500.0038147666783
66188,1692680181.6,2023-08-21 22:56:21.574882,25.134,97.481,4180.0,24.706,22.558,26.248,1510.0038169833133
66189,1692680781.6,2023-08-21 23:06:21.574886,25.134,97.472,4181.0,24.704,22.556,26.248,1520.0038170499902
66190,1692681381.6,2023-08-21 23:16:21.606224,25.12,97.456,4191.0,24.688,22.535,26.232,1530.004339350009
66191,1692681981.6,2023-08-21 23:26:21.606240,25.12,97.456,4193.0,24.688,22.535,26.232,1540.0043396166584
66192,1692682581.6,2023-08-21 23:36:21.606456,25.093,97.458,4202.0,24.662,22.502,26.203,1550.0043432166567
66193,1692683181.6,2023-08-21 23:46:21.606462,25.064,97.493,4232.0,24.638,22.473,26.172,1560.0043433166575
66194,1692683781.6,2023-08-21 23:56:21.606715,25.064,97.449,4221.0,24.631,22.463,26.171,1570.0043475333368
66195,1692684381.6,2023-08-22 00:06:21.606720,25.064,97.504,4214.0,24.64,22.475,26.172,1580.004347616661
66196,1692684981.6,2023-08-22 00:16:21.607413,25.077,97.475,4233.0,24.649,22.485,26.186,1590.0043591666617
66197,1692685581.6,2023-08-22 00:26:21.607419,25.107,97.494,4245.0,24.681,22.527,26.219,1600.0043592666625
66198,1692686181.6,2023-08-22 00:36:21.607877,25.093,97.481,4241.0,24.666,22.507,26.204,1610.004366899986
66199,1692686781.6,2023-08-22 00:46:21.607881,25.12,97.456,4246.0,24.688,22.535,26.232,1620.004366966663
66200,1692687381.6,2023-08-22 00:56:21.608992,25.12,97.467,4245.0,24.69,22.538,26.233,1630.0043854833348
66201,1692687981.6,2023-08-22 01:06:21.608997,25.134,97.44,4255.0,24.699,22.548,26.247,1640.004385566659
66202,1692688581.6,2023-08-22 01:16:21.615086,25.15,97.412,4258.0,24.71,22.562,26.264,1650.0044870499987
66203,1692689181.6,2023-08-22 01:26:21.615095,25.12,97.424,4272.0,24.683,22.528,26.232,1660.0044871999999
66204,1692689781.6,2023-08-22 01:36:21.615740,25.134,97.461,4283.0,24.702,22.553,26.247,1670.0044979499944
66205,1692690381.6,2023-08-22 01:46:21.615747,25.15,97.465,4286.0,24.719,22.575,26.265,1680.0044980666717
66206,1692690981.6,2023-08-22 01:56:21.616557,25.15,97.444,4312.0,24.715,22.57,26.264,1690.004511566658
66207,1692691581.6,2023-08-22 02:06:21.616563,25.15,97.433,4308.0,24.713,22.567,26.264,1700.0045116666588
66208,1692692181.6,2023-08-22 02:16:21.617352,25.163,97.417,4302.0,24.724,22.58,26.278,1710.0045248166716
66209,1692692781.6,2023-08-22 02:26:21.617358,25.176,97.443,4315.0,24.742,22.603,26.294,1720.0045249166724
66210,1692693381.6,2023-08-22 02:36:21.618050,25.176,97.462,4309.0,24.745,22.608,26.294,1730.0045364499965
66211,1692693981.6,2023-08-22 02:46:21.618056,25.176,97.43,4326.0,24.74,22.6,26.293,1740.0045365499973
66212,1692694581.6,2023-08-22 02:56:21.618840,25.19,97.458,4336.0,24.758,22.624,26.309,1750.0045496166858
66213,1692695181.6,2023-08-22 03:06:21.618846,25.176,97.453,4323.0,24.743,22.606,26.294,1760.0045497166575
66214,1692695781.6,2023-08-22 03:16:21.619761,25.206,97.43,4340.0,24.769,22.638,26.326,1770.0045649666572
66215,1692696381.6,2023-08-22 03:26:21.619769,25.176,97.421,4351.0,24.738,22.598,26.293,1780.004565100011
66216,1692696981.6,2023-08-22 03:36:21.620725,25.176,97.43,4365.0,24.74,22.6,26.293,1790.0045810333395
66217,1692697581.6,2023-08-22 03:46:21.620730,25.19,97.447,4379.0,24.756,22.621,26.309,1800.0045811166638
66218,1692698181.6,2023-08-22 03:56:21.621673,25.176,97.443,4370.0,24.742,22.603,26.294,1810.0045968333434
66219,1692698781.6,2023-08-22 04:06:21.621678,25.176,97.43,4376.0,24.74,22.6,26.293,1820.0045969166677
66220,1692699381.7,2023-08-22 04:16:21.673098,25.176,97.43,4375.0,24.74,22.6,26.293,1830.005453916645
66221,1692699981.7,2023-08-22 04:26:21.673103,25.19,97.412,4366.0,24.75,22.613,26.308,1840.0054539999983
66222,1692700581.7,2023-08-22 04:36:21.673195,25.163,97.406,4386.0,24.722,22.578,26.278,1850.0054555333336
66223,1692701181.7,2023-08-22 04:46:21.673199,25.163,97.406,4412.0,24.722,22.578,26.278,1860.0054555999814
66224,1692701781.7,2023-08-22 04:56:21.673291,25.176,97.421,4412.0,24.738,22.598,26.293,1870.0054571333458
66225,1692702381.7,2023-08-22 05:06:21.673296,25.19,97.38,4432.0,24.744,22.606,26.307,1880.00545721667
66226,1692702981.7,2023-08-22 05:16:21.673370,25.19,97.435,4421.0,24.754,22.618,26.308,1890.005458450003
66227,1692703581.7,2023-08-22 05:26:21.673374,25.176,97.398,4418.0,24.734,22.593,26.293,1900.0054585166508
66228,1692704181.7,2023-08-22 05:36:21.673444,25.176,97.411,4428.0,24.736,22.596,26.293,1910.005459683336
66229,1692704781.7,2023-08-22 05:46:21.673448,25.163,97.406,4427.0,24.722,22.578,26.278,1920.0054597499839
66230,1692705381.7,2023-08-22 05:56:21.673511,25.176,97.43,4417.0,24.74,22.6,26.293,1930.0054607999919
66231,1692705981.7,2023-08-22 06:06:21.673516,25.176,97.398,4416.0,24.734,22.593,26.293,1940.0054608833452
66232,1692706581.7,2023-08-22 06:16:21.673582,25.219,97.435,4427.0,24.783,22.656,26.341,1950.0054619833536
66233,1692707181.7,2023-08-22 06:26:21.673587,25.206,97.398,4423.0,24.763,22.63,26.325,1960.0054620666488
66234,1692707781.7,2023-08-22 06:36:21.673652,25.232,97.362,4430.0,24.784,22.656,26.353,1970.0054631499806
66235,1692708381.7,2023-08-22 06:46:21.673657,25.232,97.33,4430.0,24.778,22.648,26.352,1980.005463233334
66236,1692708981.7,2023-08-22 06:56:21.673715,25.219,97.369,4436.0,24.772,22.64,26.339,1990.0054641999886
66237,1692709581.7,2023-08-22 07:06:21.673720,25.275,97.366,4422.0,24.827,22.711,26.4,2000.005464283342
66238,1692710181.7,2023-08-22 07:16:21.673779,25.262,97.339,4427.0,24.809,22.688,26.385,2010.0054652666731
66239,1692710781.7,2023-08-22 07:26:21.673785,25.206,97.343,4417.0,24.754,22.617,26.323,2020.005465366674
66240,1692711381.7,2023-08-22 07:36:21.673845,25.262,97.307,4433.0,24.803,22.68,26.384,2030.0054663666815
66241,1692711981.7,2023-08-22 07:46:21.673851,25.288,97.36,4422.0,24.839,22.727,26.415,2040.0054664666532
66242,1692712581.7,2023-08-22 07:56:21.673910,25.248,97.325,4434.0,24.793,22.667,26.37,2050.0054674500134
66243,1692713181.7,2023-08-22 08:06:21.673916,25.248,97.366,4436.0,24.8,22.677,26.371,2060.005467549985
66244,1692713781.7,2023-08-22 08:16:21.696891,25.206,97.375,4432.0,24.759,22.625,26.324,2070.0058504666667
66245,1692714381.7,2023-08-22 08:26:21.696900,25.219,97.357,4430.0,24.77,22.638,26.339,2080.005850616668
66246,1692714981.7,2023-08-22 08:36:21.697065,25.206,97.365,4432.0,24.758,22.622,26.324,2090.0058533666597
66247,1692715581.7,2023-08-22 08:46:21.697072,25.206,97.388,4452.0,24.761,22.628,26.325,2100.005853483337
66248,1692716181.7,2023-08-22 08:56:21.697354,25.219,97.325,4454.0,24.764,22.63,26.338,2110.0058581833437
66249,1692716781.7,2023-08-22 09:06:21.697360,25.219,97.337,4458.0,24.766,22.633,26.338,2120.0058582833444
66250,1692717381.7,2023-08-22 09:16:21.697560,25.219,97.369,4470.0,24.772,22.64,26.339,2130.0058616166643
66251,1692717981.7,2023-08-22 09:26:21.697566,25.561,96.962,4487.0,25.042,22.982,26.704,2140.005861716665
66252,1692718581.7,2023-08-22 09:36:21.698045,25.956,96.291,4443.0,25.319,23.333,27.121,2150.0058696999913
66253,1692719181.7,2023-08-22 09:46:21.698051,26.183,96.158,4393.0,25.521,23.597,28.818,2160.005869799992
66254,1692719781.7,2023-08-22 09:56:21.698694,26.338,96.115,4319.0,25.668,23.791,29.288,2170.0058805166627
66255,1692720381.7,2023-08-22 10:06:21.698700,26.453,96.03,4234.0,25.767,23.922,29.637,2180.0058806166635
66256,1692720981.7,2023-08-22 10:16:21.699351,26.479,95.904,4146.0,25.772,23.927,29.711,2190.005891466659
66257,1692721581.7,2023-08-22 10:26:21.699358,26.495,95.837,4056.0,25.776,23.931,29.756,2200.005891583336
66258,1692722181.7,2023-08-22 10:36:21.700129,26.551,95.836,3946.0,25.831,24.006,29.931,2210.0059044333466
66259,1692722781.7,2023-08-22 10:46:21.700135,26.565,95.819,3879.0,25.842,24.019,29.971,2220.0059045333182
66260,1692723381.7,2023-08-22 10:56:21.700713,26.621,95.805,3786.0,25.895,24.091,30.146,2230.005914166657
66261,1692723981.7,2023-08-22 11:06:21.700718,26.621,95.767,3718.0,25.888,24.081,30.143,2240.0059142500104
66262,1692724581.7,2023-08-22 11:16:21.701329,26.634,95.718,3620.0,25.893,24.087,30.181,2250.0059244333243
66263,1692725181.7,2023-08-22 11:26:21.701334,26.696,95.746,3544.0,25.959,24.176,31.207,2260.0059245166776
66264,1692725781.7,2023-08-22 11:36:21.702809,26.709,95.731,3448.0,25.969,24.19,31.244,2270.005949100014
66265,1692726381.7,2023-08-22 11:46:21.702817,26.736,95.709,3385.0,25.992,24.22,31.319,2280.0059492333385
66266,1692726981.7,2023-08-22 11:56:21.741145,26.792,95.726,3300.0,26.051,24.3,31.489,2290.006588033313
66267,1692727581.7,2023-08-22 12:06:21.741157,26.778,95.753,3220.0,26.043,24.289,31.454,2300.0065882333147
66268,1692728181.7,2023-08-22 12:16:21.742142,26.808,95.7,3169.0,26.062,24.315,31.532,2310.0066046499996
66269,1692728781.7,2023-08-22 12:26:21.742151,26.821,95.705,3093.0,26.076,24.334,31.573,2320.006604800001
66270,1692729381.7,2023-08-22 12:36:21.742423,26.835,95.677,3049.0,26.085,24.345,31.608,2330.00660933333
66271,1692729981.7,2023-08-22 12:46:21.742431,26.851,95.644,2983.0,26.095,24.358,31.65,2340.0066094666545
66272,1692730581.7,2023-08-22 12:56:21.743046,26.851,95.663,2913.0,26.098,24.364,31.654,2350.0066197166743
66273,1692731181.7,2023-08-22 13:06:21.743059,26.864,95.698,2850.0,26.118,24.39,31.7,2360.0066199333232
66274,1692731781.7,2023-08-22 13:16:21.743670,26.877,95.691,2800.0,26.13,24.407,31.739,2370.006630116666
66275,1692732381.7,2023-08-22 13:26:21.743714,26.92,95.717,2777.0,26.177,24.471,31.872,2380.0066308499954
66276,1692732981.7,2023-08-22 13:36:21.744705,26.92,95.705,2730.0,26.175,24.468,31.87,2390.006647366652
66277,1692733581.7,2023-08-22 13:46:21.744716,26.963,95.689,2688.0,26.214,24.522,31.997,2400.006647550006
66278,1692734181.7,2023-08-22 13:56:21.744919,26.976,95.662,2643.0,26.223,24.533,32.033,2410.0066509333265
66279,1692734781.7,2023-08-22 14:06:21.744930,26.976,95.673,2587.0,26.225,24.536,32.034,2420.0066511166515
66280,1692735381.7,2023-08-22 14:16:21.745103,27.048,95.695,2544.0,26.301,24.64,32.259,2430.006653999997
66281,1692735981.7,2023-08-22 14:26:21.745115,27.075,95.691,2487.0,26.326,24.675,32.34,2440.0066541999986
66282,1692736581.7,2023-08-22 14:36:21.745557,27.147,95.714,2453.0,26.402,24.78,32.567,2450.006661566673
66283,1692737181.7,2023-08-22 14:46:21.745569,27.16,95.731,2410.0,26.418,24.802,32.612,2460.0066617666744
66284,1692737781.7,2023-08-22 14:56:21.746209,27.174,95.653,2375.0,26.418,24.801,32.638,2470.0066724333446
66285,1692738381.7,2023-08-22 15:06:21.746220,27.262,95.68,2342.0,26.51,24.929,32.919,2480.0066726166697
66286,1692738981.7,2023-08-22 15:16:21.747109,27.206,95.57,2231.0,26.435,24.823,32.722,2490.0066874333424
66287,1692739581.7,2023-08-22 15:26:21.747116,27.187,95.666,2195.0,26.433,24.822,32.682,2500.0066875499906
66288,1692740181.8,2023-08-22 15:36:21.786360,27.248,95.654,2156.0,26.492,24.904,32.872,2510.0073416166706
66289,1692740781.8,2023-08-22 15:46:21.786373,27.248,95.645,2121.0,26.491,24.901,32.87,2520.0073418333486
66290,1692741381.8,2023-08-22 15:56:21.787168,27.262,95.659,2094.0,26.506,24.923,32.915,2530.007355083333
66291,1692741981.8,2023-08-22 16:06:21.787192,27.262,95.618,2051.0,26.499,24.913,32.907,2540.007355483336
66292,1692742581.8,2023-08-22 16:16:21.787597,27.275,95.663,2020.0,26.521,24.943,32.957,2550.0073622333293
66293,1692743181.8,2023-08-22 16:26:21.787612,27.275,95.581,1986.0,26.506,24.921,32.941,2560.0073624833312
66294,1692743781.8,2023-08-22 16:36:21.788266,27.318,95.636,1936.0,26.558,24.995,33.086,2570.007373383327
66295,1692744381.8,2023-08-22 16:46:21.788281,27.304,95.599,1891.0,26.538,24.967,33.037,2580.007373633329
66296,1692744981.8,2023-08-22 16:56:21.789151,27.288,95.544,1840.0,26.513,24.93,32.976,2590.007388133323
66297,1692745581.8,2023-08-22 17:06:21.789166,27.331,95.63,1805.0,26.57,25.011,33.127,2600.0073883833247
66298,1692746181.8,2023-08-22 17:16:21.789384,27.347,95.654,1747.0,26.591,25.04,33.183,2610.007392016676
66299,1692746781.8,2023-08-22 17:26:21.789399,27.331,95.598,1714.0,26.565,25.003,33.121,2620.007392266649
66300,1692747381.8,2023-08-22 17:36:21.789567,27.361,95.659,1686.0,26.605,25.06,33.226,2630.00739506667
66301,1692747981.8,2023-08-22 17:46:21.789580,27.403,95.59,1641.0,26.635,25.101,33.348,2640.007395283348
66302,1692748581.8,2023-08-22 17:56:21.790117,27.417,95.586,1611.0,26.647,25.118,33.389,2650.007404233329
66303,1692749181.8,2023-08-22 18:06:21.790131,27.43,95.621,1578.0,26.667,25.146,33.439,2660.0074044666544
66304,1692749781.8,2023-08-22 18:16:21.790799,27.43,95.558,1548.0,26.656,25.129,33.426,2670.0074156000046
66305,1692750381.8,2023-08-22 18:26:21.790810,26.989,96.522,1545.0,26.388,24.772,32.23,2680.0074157833296
66306,1692750981.8,2023-08-22 18:36:21.791643,26.821,96.838,1598.0,26.276,24.623,31.769,2690.0074296666717
66307,1692751581.8,2023-08-22 18:46:21.791656,26.736,96.985,1638.0,26.216,24.543,31.534,2700.0074298833497
66308,1692752181.8,2023-08-22 18:56:21.793883,26.621,97.101,1684.0,26.122,24.416,30.254,2710.0074670000176
66309,1692752781.8,2023-08-22 19:06:21.793900,26.565,97.183,1726.0,26.081,24.361,30.08,2720.0074672833143
66310,1692753381.8,2023-08-22 19:16:21.832648,26.397,97.27,1780.0,25.928,24.156,29.547,2730.008113083313
66311,1692753981.8,2023-08-22 19:26:21.832686,26.282,97.353,1827.0,25.828,24.022,29.188,2740.008113716671
66312,1692754581.8,2023-08-22 19:36:21.833530,26.199,97.433,1870.0,25.759,23.932,28.933,2750.008127783338
66313,1692755181.8,2023-08-22 19:46:21.833554,26.156,97.44,1919.0,25.718,23.876,28.8,2760.008128183341
66314,1692755781.8,2023-08-22 19:56:21.834122,26.114,97.461,1968.0,25.679,23.825,28.668,2770.008137650002
66315,1692756381.8,2023-08-22 20:06:21.834146,26.098,97.584,2002.0,25.684,23.834,28.624,2780.008138050005
66316,1692756981.8,2023-08-22 20:16:21.835013,26.012,97.568,2053.0,25.596,23.716,27.216,2790.0081524999987
66317,1692757581.8,2023-08-22 20:26:21.835038,25.999,97.618,2099.0,25.592,23.711,27.203,2800.008152916649
66318,1692758181.8,2023-08-22 20:36:21.835708,25.999,97.618,2136.0,25.592,23.711,27.203,2810.008164083323
66319,1692758781.8,2023-08-22 20:46:21.835732,25.956,97.658,2186.0,25.556,23.664,27.157,2820.0081644833263
66320,1692759381.8,2023-08-22 20:56:21.836163,25.927,97.681,2237.0,25.531,23.631,27.125,2830.0081716666755
66321,1692759981.8,2023-08-22 21:06:21.836186,25.913,97.71,2281.0,25.522,23.62,27.111,2840.008172050002
66322,1692760581.8,2023-08-22 21:16:21.836611,25.927,97.659,2316.0,25.527,23.626,27.125,2850.0081791333214
66323,1692761181.8,2023-08-22 21:26:21.836635,25.9,97.673,2340.0,25.503,23.594,27.096,2860.0081795333244
66324,1692761781.8,2023-08-22 21:36:21.837111,25.913,97.754,2386.0,25.53,23.631,27.113,2870.0081874666503
66325,1692762381.8,2023-08-22 21:46:21.837151,25.9,97.726,2424.0,25.512,23.607,27.097,2880.0081881333317
66326,1692762981.8,2023-08-22 21:56:21.837806,25.884,97.7,2462.0,25.491,23.579,27.079,2890.008199050004
66327,1692763581.8,2023-08-22 22:06:21.837845,25.871,97.676,2484.0,25.474,23.556,27.064,2900.008199700009
66328,1692764181.8,2023-08-22 22:16:21.838366,25.871,97.708,2503.0,25.479,23.563,27.064,2910.0082083833404
66329,1692764781.8,2023-08-22 22:26:21.838413,25.844,97.635,2548.0,25.44,23.511,27.033,2920.00820916667
66330,1692765381.8,2023-08-22 22:36:21.839046,25.871,97.664,2578.0,25.472,23.553,27.063,2930.008219716663
66331,1692765981.8,2023-08-22 22:46:21.839078,25.884,97.646,2621.0,25.482,23.566,27.077,2940.0082202499907
66332,1692766581.8,2023-08-22 22:56:21.839702,25.871,97.609,2641.0,25.462,23.54,27.062,2950.0082306499826
66333,1692767181.8,2023-08-22 23:06:21.839731,25.884,97.626,2673.0,25.479,23.561,27.077,2960.008231133339
66334,1692767781.9,2023-08-22 23:16:21.879440,25.884,97.626,2702.0,25.479,23.561,27.077,2970.0088929499907
66335,1692768381.9,2023-08-22 23:26:21.879510,25.871,97.598,2724.0,25.461,23.537,27.062,2980.008894116676
66336,1692768981.9,2023-08-22 23:36:21.880469,25.884,97.626,2752.0,25.479,23.561,27.077,2990.008910100005
66337,1692769581.9,2023-08-22 23:46:21.880517,25.884,97.626,2754.0,25.479,23.561,27.077,3000.008910900011
66338,1692770181.9,2023-08-22 23:56:21.881267,25.857,97.604,2786.0,25.448,23.521,27.047,3010.0089233999897
66339,1692770781.9,2023-08-23 00:06:21.881311,25.871,97.621,2818.0,25.464,23.542,27.062,3020.008924133348
66340,1692771381.9,2023-08-23 00:16:21.882072,25.9,97.575,2838.0,25.486,23.57,27.093,3030.008936816652
66341,1692771981.9,2023-08-23 00:26:21.882104,25.9,97.554,2872.0,25.482,23.565,27.093,3040.0089373500086
66342,1692772581.9,2023-08-23 00:36:21.882927,25.9,97.543,2899.0,25.48,23.562,27.092,3050.008951066673
66343,1692773181.9,2023-08-23 00:46:21.882960,25.9,97.543,2914.0,25.48,23.562,27.092,3060.008951616677
66344,1692773781.9,2023-08-23 00:56:21.883621,25.9,97.543,2934.0,25.48,23.562,27.092,3070.008962633321
66345,1692774381.9,2023-08-23 01:06:21.883653,25.9,97.502,2967.0,25.473,23.552,27.091,3080.0089631666488
66346,1692774981.9,2023-08-23 01:16:21.884238,25.9,97.543,2987.0,25.48,23.562,27.092,3090.008972916665
66347,1692775581.9,2023-08-23 01:26:21.884271,25.884,97.517,3001.0,25.46,23.535,27.074,3100.008973466669
66348,1692776181.9,2023-08-23 01:36:21.884851,25.913,97.484,3026.0,25.483,23.566,27.106,3110.0089831333316
66349,1692776781.9,2023-08-23 01:46:21.884883,25.9,97.511,3041.0,25.475,23.555,27.092,3120.0089836666593
66350,1692777381.9,2023-08-23 01:56:21.885466,25.9,97.49,3061.0,25.471,23.549,27.091,3130.0089933833224
66351,1692777981.9,2023-08-23 02:06:21.885501,25.913,97.472,3084.0,25.481,23.563,27.105,3140.0089939666505
66352,1692778581.9,2023-08-23 02:16:21.886085,25.9,97.522,3112.0,25.477,23.557,27.092,3150.00900369999
66353,1692779181.9,2023-08-23 02:26:21.886134,25.913,97.527,3132.0,25.491,23.576,27.107,3160.0090045166726
66354,1692779781.9,2023-08-23 02:36:21.886918,25.913,97.494,3149.0,25.485,23.568,27.106,3170.009017583332
66355,1692780381.9,2023-08-23 02:46:21.886964,25.927,97.52,3149.0,25.503,23.592,27.121,3180.009018349985
66356,1692780981.9,2023-08-23 02:56:21.942953,25.913,97.472,3182.0,25.481,23.563,27.105,3190.0099514999893
66357,1692781581.9,2023-08-23 03:06:21.942986,25.913,97.452,3192.0,25.478,23.558,27.105,3200.0099520499934
66358,1692782181.9,2023-08-23 03:16:21.943247,25.927,97.444,3213.0,25.49,23.574,27.119,3210.0099563999975
66359,1692782781.9,2023-08-23 03:26:21.943306,25.943,97.47,3240.0,25.51,23.601,27.137,3220.0099573833286
66360,1692783381.9,2023-08-23 03:36:21.943539,25.956,97.465,3271.0,25.523,23.617,27.152,3230.0099612666527
66361,1692783981.9,2023-08-23 03:46:21.943556,25.956,97.453,3278.0,25.521,23.614,27.152,3240.0099615500076
66362,1692784581.9,2023-08-23 03:56:21.943810,25.943,97.47,3310.0,25.51,23.601,27.137,3250.0099657833343
66363,1692785181.9,2023-08-23 04:06:21.943827,25.956,97.465,3317.0,25.523,23.617,27.152,3260.00996606666
66364,1692785781.9,2023-08-23 04:16:21.944059,25.969,97.447,3316.0,25.533,23.631,27.166,3270.009969933337
66365,1692786381.9,2023-08-23 04:26:21.944076,25.969,97.438,3343.0,25.531,23.628,27.166,3280.0099702166626
66366,1692786981.9,2023-08-23 04:36:21.944299,25.983,97.42,3361.0,25.541,23.641,27.18,3290.009973933338
66367,1692787581.9,2023-08-23 04:46:21.944316,25.999,97.424,3386.0,25.558,23.664,27.198,3300.009974216664
66368,1692788181.9,2023-08-23 04:56:21.944540,25.983,97.43,3397.0,25.543,23.644,27.181,3310.009977950016
66369,1692788781.9,2023-08-23 05:06:21.944557,25.983,97.443,3418.0,25.545,23.647,27.181,3320.009978233342
66370,1692789381.9,2023-08-23 05:16:21.944774,25.969,97.394,3435.0,25.524,23.618,27.165,3330.0099818499875
66371,1692789981.9,2023-08-23 05:26:21.944802,25.999,97.424,3446.0,25.558,23.664,27.198,3340.0099823166674
66372,1692790581.9,2023-08-23 05:36:21.945016,26.012,97.407,3455.0,25.569,23.677,27.212,3350.009985883342
66373,1692791181.9,2023-08-23 05:46:21.945038,26.012,97.42,3462.0,25.571,23.68,27.213,3360.009986249992
66374,1692791781.9,2023-08-23 05:56:21.945250,25.999,97.383,3476.0,25.551,23.654,27.197,3370.0099897833134
66375,1692792381.9,2023-08-23 06:06:21.945272,25.983,97.42,3487.0,25.541,23.641,27.18,3380.0099901499925
66376,1692792981.9,2023-08-23 06:16:21.945484,25.999,97.371,3519.0,25.549,23.651,27.197,3390.009993683343
66377,1692793581.9,2023-08-23 06:26:21.945506,26.012,97.407,3529.0,25.569,23.677,27.212,3400.009994049993
66378,1692794182.0,2023-08-23 06:36:22.049708,25.999,97.415,3559.0,25.557,23.662,27.198,3410.011730750004
66379,1692794782.0,2023-08-23 06:46:22.049717,26.012,97.397,3563.0,25.567,23.675,27.212,3420.011730900005
66380,1692795382.0,2023-08-23 06:56:22.049810,25.999,97.424,3593.0,25.558,23.664,27.198,3430.011732449988
66381,1692795982.0,2023-08-23 07:06:22.049815,26.025,97.379,3612.0,25.577,23.688,27.226,3440.0117325333413
66382,1692796582.0,2023-08-23 07:16:22.049886,25.999,97.392,3610.0,25.553,23.656,27.197,3450.011733716674
66383,1692797182.0,2023-08-23 07:26:22.049891,26.025,97.411,3648.0,25.582,23.696,27.227,3460.011733799998
66384,1692797782.0,2023-08-23 07:36:22.049958,26.025,97.357,3643.0,25.573,23.683,27.226,3470.011734916654
66385,1692798382.0,2023-08-23 07:46:22.049963,26.039,97.403,3648.0,25.594,23.712,27.241,3480.0117350000073
66386,1692798982.0,2023-08-23 07:56:22.050028,26.039,97.403,3673.0,25.594,23.712,27.241,3490.011736083339
66387,1692799582.0,2023-08-23 08:06:22.050033,26.025,97.398,3695.0,25.58,23.693,27.227,3500.0117361666635
66388,1692800182.0,2023-08-23 08:16:22.050099,26.012,97.429,3725.0,25.572,23.683,27.213,3510.011737266672
66389,1692800782.0,2023-08-23 08:26:22.050104,26.025,97.411,3726.0,25.582,23.696,27.227,3520.011737349996
66390,1692801382.0,2023-08-23 08:36:22.050171,26.012,97.397,3747.0,25.567,23.675,27.212,3530.011738466652
66391,1692801982.0,2023-08-23 08:46:22.050175,26.012,97.407,3748.0,25.569,23.677,27.212,3540.0117385333288
66392,1692802582.0,2023-08-23 08:56:22.050241,26.025,97.433,3767.0,25.586,23.701,27.228,3550.011739633337
66393,1692803182.0,2023-08-23 09:06:22.050246,26.012,97.374,3783.0,25.563,23.669,27.211,3560.0117397166614
66394,1692803782.0,2023-08-23 09:16:22.050314,26.012,97.44,3801.0,25.574,23.685,27.213,3570.0117408499937
66395,1692804382.0,2023-08-23 09:26:22.050318,26.025,97.369,3816.0,25.575,23.686,27.226,3580.0117409166705
66396,1692804982.0,2023-08-23 09:36:22.050382,26.039,97.403,3839.0,25.594,23.712,27.241,3590.011741983326
