Time,Gas1,Liquid1,Gas2
0,22.461555,22.007742,22.206536
0.367,21.914917,21.952748,21.821923
0.734,20.981555,21.88494,21.541388
1.101,20.025179,21.800454,21.271938
1.468,19.349072,21.690295,20.987314
1.835,19.119828,21.554862,20.752101
2.202,18.960326,21.45122,20.507227
2.569,18.709331,21.316845,20.084527
2.936,18.450818,21.151877,19.314491
3.303,18.162126,20.980261,18.729504
3.67,17.995409,20.820972,18.325374
4.037,17.833832,20.631642,17.814175
4.404,17.714389,20.45981,17.182245
4.771,17.581216,20.247133,16.685664
5.138,17.392058,20.056672,16.228622
5.505,17.228344,19.874853,15.845741
5.872,17.066646,19.662243,15.496555
6.239,16.966798,19.45284,15.227132
6.606,16.874699,19.265278,14.959013
6.973,16.816643,19.094989,14.754268
7.34,16.761414,18.879856,14.546158
7.707,16.694277,18.682882,14.395241
8.074,16.669929,18.510199,14.240981
8.441,16.6205,18.253437,14.073878
8.808,16.593723,18.059084,13.994182
9.175,16.575156,17.823464,13.859626
9.542,16.563213,17.622997,13.762342
9.909,16.544402,17.415878,13.65005
10.276,16.512371,17.205565,13.563595
10.643,16.501703,17.004641,13.489243
11.01,16.487551,16.794647,13.39465
11.377,16.466213,16.592787,13.321658
11.744,16.422877,16.358854,13.223776
12.111,16.39573,16.138589,13.141051
12.478,16.343253,15.93439,13.075441
12.845,16.344925,15.730981,13.023593
13.212,16.315007,15.536818,12.949806
13.579,16.264613,15.349986,12.872465
13.946,16.221881,15.149842,12.80914
14.313,16.20492,14.96171,12.742148
14.68,16.161648,14.797369,12.668836
15.047,16.110578,14.581101,12.621005
15.414,16.08456,14.397312,12.537972
15.781,16.079001,14.173714,12.471276
16.148,16.025383,13.976413,12.420876
16.515,15.998943,13.786369,12.325166
16.882,15.915273,13.581136,12.257171
17.249,15.90145,13.41708,12.197553
17.616,15.87256,13.227555,12.156278
17.983,15.847837,13.03104,12.072871
18.35,15.801833,12.869533,11.991255
18.717,15.765714,12.671432,11.93522
19.084,15.705132,12.479181,11.86577
19.451,15.672252,12.290099,11.7642
19.818,15.629856,12.090861,11.721269
20.185,15.566624,11.866805,11.627077
20.552,15.542409,11.660627,11.562121
20.919,15.502066,11.45444,11.505271
21.286,15.460348,11.252206,11.42966
21.653,15.408226,11.045871,11.388628
22.02,15.372738,10.857856,11.324948
22.387,15.310362,10.656621,11.251163
22.754,15.266587,10.451495,11.2012
23.121,15.222786,10.2482,11.148279
23.488,15.176773,10.061444,11.073432
23.855,15.124397,9.870892,11.011047
24.222,15.06071,9.673283,10.96956
24.589,15.017134,9.466494,10.906414
24.956,14.94099,9.285237,10.839352
25.323,14.897973,9.081911,10.805582
25.69,14.835168,8.886854,10.745115
26.057,14.774723,8.69347,10.679121
26.424,14.760358,8.514565,10.614851
26.791,14.691457,8.326012,10.577113
27.158,14.619059,8.113952,10.514901
27.525,14.558501,7.896983,10.444767
27.892,14.508692,7.724347,10.4276
28.259,14.421856,7.539091,10.366774
28.626,14.359231,7.335362,10.310867
28.993,14.306532,7.140905,10.235148
29.36,14.225073,6.945388,10.194581
29.727,14.14945,6.748446,10.130664
30.094,14.086124,6.549023,10.079613
30.461,13.977343,6.351337,10.047831
30.828,13.937672,6.151567,9.978542
31.195,13.871489,5.987082,9.965993
31.562,13.772459,5.790694,9.904215
31.929,13.729164,5.587618,9.845366
32.296,13.633714,5.398031,9.778265
32.663,13.582438,5.226614,9.745739
33.03,13.490059,5.043144,9.692427
33.397,13.417824,4.848476,9.638251
33.764,13.352096,4.674651,9.593399
34.131,13.2918,4.494193,9.515726
34.498,13.184352,4.305764,9.464598
34.865,13.093484,4.117488,9.440795
35.232,13.041971,3.927141,9.400094
35.599,12.955358,3.744783,9.336308
35.966,12.860809,3.58105,9.288326
36.333,12.811288,3.384412,9.240409
36.7,12.729757,3.205278,9.185995
37.067,12.659536,3.021956,9.137876
37.434,12.581147,2.840287,9.093568
37.801,12.497788,2.650001,9.03807
38.168,12.383621,2.48536,9.004765
38.535,12.321815,2.29495,8.972011
38.902,12.282751,2.121879,8.887896
39.269,12.177067,1.945892,8.846465
39.636,12.103152,1.750769,8.809673
40.003,12.015597,1.567267,8.756354
40.37,11.967061,1.388645,8.7199
40.737,11.898259,1.218656,8.657652
41.104,11.831706,1.00888,8.621531
41.471,11.753848,0.852424,8.573029
41.838,11.685026,0.643836,8.542964
42.205,11.605999,0.462154,8.499895
42.572,11.535843,0.285902,8.445301
42.939,11.478597,0.091667,8.422918
43.306,11.386232,-0.116844,8.376244
43.673,11.325872,-0.306466,8.346932
44.04,11.225548,-0.475682,8.292171
44.407,11.164399,-0.652067,8.237834
44.774,11.074528,-0.827948,8.205626
45.141,11.00137,-0.998234,8.197174
45.508,10.915654,-1.160083,8.137196
45.875,10.840954,-1.310919,8.111453
46.242,10.768602,-1.473866,8.086806
46.609,10.683052,-1.669423,8.058977
46.976,10.608717,-1.817687,8.029185
47.343,10.526914,-2.004126,7.977487
47.71,10.433357,-2.159489,7.984987
48.077,10.36175,-2.332284,7.939588
48.444,10.295393,-2.513045,7.91961
48.811,10.222145,-2.684608,7.91855
49.178,10.163752,-2.860912,7.895942
49.545,10.08007,-3.047775,7.85131
49.912,10.007648,-3.200434,7.81618
50.279,9.941243,-3.377466,7.81965
50.646,9.873851,-3.540784,7.790514
51.013,9.784124,-3.721158,7.790915
51.38,9.727648,-3.897416,7.76157
51.747,9.647207,-4.051055,7.749317
52.114,9.566322,-4.236953,7.748924
52.481,9.477122,-4.423417,7.721795
52.848,9.406382,-4.58654,7.689169
53.215,9.340658,-4.748468,7.703832
53.582,9.259701,-4.930471,7.699602
53.949,9.197514,-5.075336,7.695816
54.316,9.107931,-5.245629,7.683965
54.683,9.020024,-5.417109,7.66827
55.05,8.961605,-5.575309,7.655815
55.417,8.878748,-5.756237,7.650364
55.784,8.7783,-5.913361,7.628434
56.151,8.706173,-6.049667,7.625689
56.518,8.639682,-6.219274,7.629847
56.885,8.555122,-6.382395,7.629151
57.252,8.472239,-6.537254,7.637222
57.619,8.431906,-6.668861,7.608755
57.986,8.32525,-6.821547,7.615814
58.353,8.254881,-6.946447,7.619693
58.72,8.190377,-7.090856,7.597216
59.087,8.112814,-7.204299,7.594449
59.454,8.034631,-7.357107,7.597054
59.821,7.978029,-7.484538,7.616637
60.188,7.899663,-7.627591,7.613868
60.555,7.834666,-7.753611,7.620487
60.922,7.769251,-7.886773,7.610797
61.289,7.694809,-8.00509,7.632719
61.656,7.637562,-8.126446,7.622778
62.023,7.551617,-8.285785,7.615697
62.39,7.473822,-8.405142,7.609859
62.757,7.406443,-8.534092,7.631299
63.124,7.341882,-8.6698,7.625149
63.491,7.2603,-8.789184,7.617747
63.858,7.199188,-8.927204,7.632623
64.225,7.162847,-9.067036,7.624722
64.592,7.085539,-9.192387,7.635987
64.959,7.021027,-9.316961,7.633533
65.326,6.94154,-9.448941,7.630184
65.693,6.881195,-9.569633,7.637644
66.06,6.801079,-9.709035,7.671902
66.427,6.748483,-9.819337,7.672104
66.794,6.697725,-9.935971,7.672283
67.161,6.631667,-10.069475,7.659721
67.528,6.570574,-10.181031,7.66974
67.895,6.500024,-10.296451,7.665062
68.262,6.461284,-10.414643,7.700518
68.629,6.406193,-10.564445,7.688441
68.996,6.316394,-10.656486,7.712716
69.363,6.243816,-10.783897,7.712213
69.73,6.187575,-10.921591,7.71673
70.097,6.125402,-11.01045,7.738265
70.464,6.054329,-11.152343,7.732475
70.831,5.99995,-11.257497,7.758206
71.198,5.943515,-11.352505,7.759919
71.565,5.875297,-11.482417,7.779535
71.932,5.779924,-11.595549,7.77935
72.299,5.723492,-11.712867,7.777688
72.666,5.647855,-11.835878,7.806201
73.033,5.600402,-11.942517,7.791264
73.4,5.535118,-12.046145,7.825352
73.767,5.470654,-12.18607,7.834475
74.134,5.383621,-12.273644,7.860072
74.501,5.343319,-12.391812,7.850385
74.868,5.267719,-12.534153,7.874328
75.235,5.193584,-12.608344,7.867095
75.602,5.136667,-12.726265,7.91214
75.969,5.101559,-12.833502,7.899611
76.336,5.016441,-12.983613,7.90569
76.703,4.951541,-13.086383,7.926915
77.07,4.901991,-13.22214,7.928035
77.437,4.829237,-13.341148,7.947878
77.804,4.789262,-13.462919,7.963947
78.171,4.707986,-13.539443,8.006326
78.538,4.635004,-13.670068,7.99514
78.905,4.59304,-13.77578,8.009852
79.272,4.541015,-13.910085,8.02765
79.639,4.472939,-13.993441,8.031656
80.006,4.431765,-14.125095,8.079916
80.373,4.382456,-14.202053,8.072826
80.74,4.31368,-14.30633,8.086149
81.107,4.247001,-14.411228,8.119078
81.474,4.191286,-14.519828,8.136838
81.841,4.115673,-14.630539,8.154507
82.208,4.058785,-14.746543,8.16569
82.575,4.016996,-14.834969,8.156509
82.942,3.937615,-14.93811,8.186631
83.309,3.876566,-15.034086,8.192314
83.676,3.807375,-15.13029,8.203148
84.043,3.770567,-15.23009,8.233826
84.41,3.707787,-15.33394,8.250993
84.777,3.656076,-15.404603,8.272661
85.144,3.604635,-15.518745,8.290967
85.511,3.557021,-15.623797,8.294941
85.878,3.508028,-15.701857,8.31326
86.245,3.475533,-15.802148,8.33412
86.612,3.388822,-15.915566,8.349568
86.979,3.349142,-16.01656,8.383925
87.346,3.289871,-16.090305,8.369068
87.713,3.230869,-16.173486,8.378039
88.08,3.159111,-16.272582,8.419391
88.447,3.122971,-16.37105,8.42329
88.814,3.075479,-16.432481,8.463624
89.181,3.013894,-16.536056,8.471086
89.548,2.954996,-16.606435,8.494256
89.915,2.909849,-16.695004,8.512322
90.282,2.851282,-16.791083,8.509807
90.649,2.797176,-16.874562,8.535003
91.016,2.744923,-17.011385,8.574131
91.383,2.71017,-17.033917,8.586848
91.75,2.655831,-17.150685,8.604054
92.117,2.606965,-17.214899,8.612671
92.484,2.558517,-17.306827,8.635792
92.851,2.511167,-17.380531,8.657795
93.218,2.445698,-17.468408,8.651897
93.585,2.406115,-17.568032,8.687909
93.952,2.35671,-17.629403,8.707987
94.319,2.32778,-17.730698,8.723092
94.686,2.249199,-17.814515,8.736665
95.053,2.234498,-17.882666,8.768403
95.42,2.166231,-17.986148,8.775446
95.787,2.111519,-18.038022,8.806918
96.154,2.050273,-18.13734,8.817951
96.521,2.039259,-18.209269,8.833119
96.888,1.98313,-18.296936,8.833009
97.255,1.945555,-18.360976,8.86039
97.622,1.903416,-18.429352,8.884966
97.989,1.840501,-18.494105,8.901983
98.356,1.780827,-18.561379,8.914763
98.723,1.729073,-18.6386,8.949417
99.09,1.727957,-18.72075,8.956434
99.457,1.676835,-18.762008,8.984697
99.824,1.604063,-18.812154,9.009914
100.191,1.582552,-18.887019,9.006522
100.558,1.531701,-18.921348,9.019447
100.925,1.470053,-18.963099,9.029825
101.292,1.436732,-19.012596,9.065657
101.659,1.39876,-19.056402,9.078486
102.026,1.356132,-19.063424,9.097904
102.393,1.30259,-19.148765,9.089025
102.76,1.241949,-19.215319,9.125714
103.127,1.22512,-19.269879,9.141458
103.494,1.198414,-19.302691,9.171018
103.861,1.157855,-19.382044,9.191946
104.228,1.127044,-19.452069,9.194294
104.595,1.077031,-19.510863,9.191541
104.962,1.056871,-19.587117,9.233971
105.329,1.02757,-19.632459,9.225481
105.696,0.962865,-19.69219,9.275221
106.063,0.917141,-19.731172,9.284361
106.43,0.900356,-19.812644,9.300374
106.797,0.844934,-19.836179,9.322732
107.164,0.810542,-19.889641,9.33443
107.531,0.797555,-19.938412,9.338061
107.898,0.738054,-20.005824,9.359295
108.265,0.68575,-20.072989,9.393647
108.632,0.658555,-20.12254,9.408236
108.999,0.632839,-20.185167,9.422911
109.366,0.586762,-20.248656,9.453655
109.733,0.550692,-20.291275,9.468923
110.1,0.526694,-20.360452,9.457477
110.467,0.46081,-20.420843,9.481548
110.834,0.448308,-20.463879,9.509742
111.201,0.422225,-20.515364,9.556214
111.568,0.372163,-20.555931,9.535794
111.935,0.352662,-20.633987,9.541188
112.302,0.304165,-20.663207,9.574938
112.669,0.294038,-20.689853,9.603948
113.036,0.248792,-20.741228,9.604226
113.403,0.224422,-20.810934,9.637195
113.77,0.194279,-20.814191,9.653025
114.137,0.142152,-20.867838,9.661498
114.504,0.127848,-20.915037,9.66609
114.871,0.084187,-20.971472,9.709552
115.238,0.076679,-21.013255,9.713341
115.605,0.031265,-21.019391,9.731206
115.972,-0.017999,-21.060466,9.762528
116.339,-0.021157,-21.113239,9.785299
116.706,-0.035452,-21.121172,9.776522
117.073,-0.089253,-21.170801,9.830094
117.44,-0.121669,-21.19278,9.836671
117.807,-0.163833,-21.214627,9.845144
118.174,-0.163901,-21.250194,9.851747
118.541,-0.211474,-21.261608,9.882409
118.908,-0.242093,-21.268207,9.881933
119.275,-0.263868,-21.292091,9.899205
119.642,-0.308272,-21.298165,9.911614
120.009,-0.308574,-21.287768,9.943977
120.376,-0.328979,-21.318917,9.938888
120.743,-0.381702,-21.340031,9.968531
121.11,-0.407013,-21.367712,9.97191
121.477,-0.419392,-21.345821,9.985716
121.844,-0.444522,-21.382042,10.005392
122.211,-0.456108,-21.373769,10.027318
122.578,-0.499493,-21.395791,10.030712
122.945,-0.53538,-21.382547,10.049741
123.312,-0.558595,-21.374757,10.084537
123.679,-0.58122,-21.382375,10.092787
124.046,-0.607375,-21.358043,10.103286
124.413,-0.609368,-21.358586,10.095343
124.78,-0.631288,-21.32769,10.134699
125.147,-0.661908,-21.320288,10.140399
125.514,-0.682635,-21.318995,10.181326
125.881,-0.699703,-21.305313,10.173909
126.248,-0.746236,-21.278811,10.210703
126.615,-0.753352,-21.227278,10.210327
126.982,-0.783955,-21.204698,10.221264
127.349,-0.806486,-21.200259,10.249145
127.716,-0.848393,-21.177106,10.246028
128.083,-0.853869,-21.151775,10.2549
128.45,-0.871404,-21.153524,10.272085
128.817,-0.876764,-21.129762,10.311126
129.184,-0.922039,-21.125276,10.334093
129.551,-0.950584,-21.083382,10.321774
129.918,-0.944624,-21.070907,10.334623
130.285,-0.986432,-21.049553,10.371125
130.652,-0.992282,-21.048915,10.370635
131.019,-1.002536,-21.055874,10.400044
131.386,-1.017115,-21.030474,10.38876
131.753,-1.022625,-21.032968,10.43823
132.12,-1.035036,-21.030379,10.438234
132.487,-1.056363,-21.036562,10.462038
132.854,-1.077703,-21.021792,10.451906
133.221,-1.099441,-21.003356,10.453077
133.588,-1.099972,-20.992485,10.490607
133.955,-1.139917,-21.011831,10.484525
134.322,-1.108765,-20.973706,10.545328
134.689,-1.163154,-20.99476,10.542249
135.056,-1.158717,-20.991882,10.549855
135.423,-1.169681,-20.979578,10.574663
135.79,-1.188482,-21.029147,10.576648
136.157,-1.193143,-21.002865,10.600141
136.524,-1.21236,-21.011727,10.615259
136.891,-1.20773,-21.024636,10.613436
137.258,-1.224185,-21.024528,10.626634
137.625,-1.23313,-21.010693,10.65648
137.992,-1.240196,-21.026312,10.67468
138.359,-1.262019,-21.012012,10.682082
138.726,-1.28079,-21.014032,10.693732
139.093,-1.27363,-21.01822,10.702478
139.46,-1.287028,-21.019039,10.719458
139.827,-1.311476,-21.006691,10.739665
140.194,-1.3098,-21.043521,10.75358
140.561,-1.327287,-21.040121,10.753721
140.928,-1.308236,-21.0204,10.778435
141.295,-1.348523,-21.020612,10.788488
141.662,-1.359629,-21.01458,10.78555
142.029,-1.345307,-21.015135,10.843028
142.396,-1.362499,-21.018263,10.829799
142.763,-1.365628,-21.021495,10.85135
143.13,-1.363847,-21.027342,10.872848
143.497,-1.371949,-21.051005,10.887151
143.864,-1.357601,-21.031728,10.890755
144.231,-1.367298,-21.050303,10.888907
144.598,-1.402403,-21.046615,10.915359
144.965,-1.38425,-21.069184,10.947505
145.332,-1.414216,-21.044788,10.948537
145.699,-1.407555,-21.07769,10.974521
146.066,-1.394572,-21.096991,10.967332
146.433,-1.374126,-21.110444,10.977262
146.8,-1.404333,-21.160355,11.017721
147.167,-1.411136,-21.19404,11.029936
147.534,-1.405873,-21.241847,11.038248
147.901,-1.413518,-21.286571,11.052363
148.268,-1.41721,-21.331493,11.047802
148.635,-1.402366,-21.412059,11.079026
149.002,-1.416462,-21.456925,11.069037
149.369,-1.39803,-21.505128,11.104986
149.736,-1.428072,-21.54885,11.084654
150.103,-1.396614,-21.601218,11.119951
150.47,-1.40411,-21.642282,11.125076
150.837,-1.417817,-21.692087,11.129373
151.204,-1.404877,-21.710816,11.144137
151.571,-1.379494,-21.768919,11.181683
151.938,-1.409751,-21.788324,11.180373
152.305,-1.380434,-21.805382,11.194333
152.672,-1.389915,-21.817963,11.20001
153.039,-1.37399,-21.836813,11.240946
153.406,-1.359357,-21.860181,11.248882
153.773,-1.380187,-21.845964,11.248734
154.14,-1.371912,-21.863581,11.24323
154.507,-1.367595,-21.872974,11.258218
154.874,-1.343502,-21.902833,11.30037
155.241,-1.340607,-21.879852,11.287905
155.608,-1.339649,-21.869608,11.292808
155.975,-1.311792,-21.888456,11.324632
156.342,-1.311186,-21.86075,11.317945
156.709,-1.323751,-21.870398,11.328981
157.076,-1.299598,-21.854295,11.350011
157.443,-1.301286,-21.860983,11.344366
157.81,-1.290404,-21.846477,11.380137
158.177,-1.25946,-21.823856,11.376517
158.544,-1.255034,-21.804191,11.396594
158.911,-1.243671,-21.78457,11.383541
159.278,-1.254539,-21.759053,11.430837
159.645,-1.220354,-21.750498,11.428576
160.012,-1.200122,-21.752616,11.451932
160.379,-1.191605,-21.728562,11.463613
160.746,-1.175732,-21.699596,11.463044
161.113,-1.188792,-21.695175,11.46605
161.48,-1.152438,-21.694856,11.477129
161.847,-1.135233,-21.655147,11.482494
162.214,-1.100875,-21.668031,11.513385
162.581,-1.107734,-21.654768,11.510467
162.948,-1.108537,-21.642941,11.543143
163.315,-1.067275,-21.624309,11.534498
163.682,-1.066576,-21.610274,11.538008
164.049,-1.035012,-21.594692,11.562224
164.416,-1.030193,-21.60572,11.596758
164.783,-1.016461,-21.631597,11.578883
165.15,-1.014688,-21.589021,11.579182
165.517,-0.975908,-21.587434,11.612958
165.884,-0.976724,-21.556025,11.588704
166.251,-0.94914,-21.546736,11.633383
166.618,-0.935293,-21.543981,11.62861
166.985,-0.93869,-21.53737,11.629642
167.352,-0.895264,-21.508974,11.647493
167.719,-0.902428,-21.507615,11.657975
168.086,-0.854944,-21.494567,11.653507
168.453,-0.829816,-21.485576,11.676798
168.82,-0.820044,-21.479643,11.687471
169.187,-0.79853,-21.464189,11.689495
169.554,-0.770487,-21.469773,11.7094
169.921,-0.74965,-21.443144,11.734373
170.288,-0.747089,-21.455837,11.745625
170.655,-0.726679,-21.417891,11.747036
171.022,-0.702012,-21.447192,11.748368
171.389,-0.680266,-21.428195,11.753654
171.756,-0.654524,-21.42629,11.782581
172.123,-0.638291,-21.456363,11.789823
172.49,-0.631955,-21.433166,11.792955
172.857,-0.605526,-21.450991,11.798659
173.224,-0.598882,-21.467707,11.800552
173.591,-0.567645,-21.467578,11.808292
173.958,-0.532982,-21.449486,11.827294
174.325,-0.520888,-21.425073,11.853782
174.692,-0.501055,-21.447463,11.847152
175.059,-0.481075,-21.453703,11.85207
175.426,-0.479657,-21.433951,11.882982
175.793,-0.424067,-21.426401,11.891244
176.16,-0.399494,-21.435158,11.912671
176.527,-0.390704,-21.423327,11.896959
176.894,-0.371521,-21.399916,11.923888
177.261,-0.348438,-21.431217,11.918713
177.628,-0.330989,-21.414613,11.920444
177.995,-0.31565,-21.416424,11.957656
178.362,-0.303861,-21.404611,11.945098
178.729,-0.251817,-21.407999,11.967213
179.096,-0.256907,-21.432303,11.96543
179.463,-0.242033,-21.420343,11.967617
179.83,-0.208895,-21.425288,12.00164
180.197,-0.17871,-21.43642,12.000156
180.564,-0.187168,-21.415272,12.00449
180.931,-0.134481,-21.43993,12.02056
181.298,-0.118851,-21.427319,12.036362
181.665,-0.110204,-21.422201,12.059241
182.032,-0.071521,-21.394172,12.031349
182.399,-0.029944,-21.403425,12.042022
182.766,-0.036501,-21.394862,12.050818
183.133,0.008948,-21.370758,12.055751
183.5,0.032422,-21.388986,12.096477
183.867,0.041702,-21.359433,12.108434
184.234,0.057111,-21.361187,12.095399
184.601,0.087399,-21.346461,12.112275
184.968,0.107782,-21.393357,12.122962
185.335,0.124025,-21.37378,12.108882
185.702,0.146309,-21.359264,12.124343
186.069,0.177568,-21.384342,12.137476
186.436,0.172667,-21.368434,12.142273
186.803,0.205637,-21.363579,12.144837
187.17,0.246834,-21.341417,12.158437
187.537,0.259335,-21.334752,12.163798
187.904,0.287969,-21.316573,12.170593
188.271,0.327608,-21.300434,12.170352
188.638,0.32475,-21.316056,12.181491
189.005,0.371676,-21.282519,12.214114
189.372,0.388975,-21.295782,12.206279
189.739,0.398722,-21.258661,12.205096
190.106,0.409623,-21.276346,12.191636
190.473,0.470108,-21.255144,12.239091
190.84,0.473187,-21.244661,12.245821
191.207,0.503552,-21.2422,12.25976
191.574,0.512509,-21.242773,12.256293
191.941,0.535783,-21.238127,12.272151
192.308,0.577473,-21.246846,12.276232
192.675,0.574577,-21.250454,12.283538
193.042,0.618924,-21.237415,12.286301
193.409,0.632236,-21.231213,12.26935
193.776,0.660633,-21.233618,12.30403
194.143,0.697968,-21.224204,12.289442
194.51,0.732911,-21.229045,12.300792
194.877,0.736739,-21.19328,12.307447
195.244,0.765689,-21.214726,12.32976
195.611,0.798185,-21.227937,12.327275
195.978,0.813117,-21.239509,12.318938
196.345,0.839478,-21.24488,12.337923
196.712,0.873361,-21.278388,12.370025
197.079,0.909207,-21.247866,12.350088
197.446,0.908955,-21.235268,12.372677
197.813,0.962685,-21.260219,12.369036
198.18,0.984182,-21.257478,12.367403
198.547,0.981016,-21.243482,12.39034
198.914,1.023323,-21.245012,12.397285
199.281,1.033875,-21.264262,12.410167
199.648,1.073661,-21.26887,12.384526
200.015,1.078464,-21.263598,12.420386
200.382,1.098176,-21.271236,12.400862
200.749,1.16811,-21.253882,12.430004
201.116,1.172074,-21.272287,12.434533
201.483,1.18073,-21.283313,12.428658
201.85,1.213848,-21.283999,12.434975
202.217,1.237775,-21.283529,12.440086
202.584,1.261537,-21.289201,12.462758
202.951,1.311882,-21.30512,12.463275
203.318,1.317539,-21.315181,12.467056
203.685,1.341172,-21.376487,12.46291
204.052,1.365185,-21.42326,12.503991
204.419,1.384659,-21.463945,12.468548
204.786,1.421066,-21.478044,12.486177
205.153,1.428882,-21.536891,12.497588
205.52,1.461976,-21.585782,12.495943
205.887,1.489352,-21.629696,12.518025
206.254,1.504924,-21.680811,12.505221
206.621,1.510581,-21.716954,12.529237
206.988,1.547712,-21.782184,12.517324
207.355,1.571045,-21.818251,12.526414
207.722,1.598514,-21.836337,12.520502
208.089,1.59806,-21.881909,12.534939
208.456,1.644063,-21.905041,12.56282
208.823,1.683134,-21.923924,12.542043
209.19,1.692184,-21.943265,12.556606
209.557,1.721315,-21.968911,12.530089
209.924,1.723899,-21.992038,12.567628
210.291,1.763448,-22.006659,12.578713
210.658,1.779364,-22.03416,12.596075
211.025,1.798077,-22.03321,12.607962
211.392,1.808416,-22.068408,12.582104
211.759,1.824448,-22.046149,12.588403
212.126,1.862538,-22.074662,12.587312
212.493,1.891878,-22.079682,12.610312
212.86,1.896866,-22.095307,12.608377
213.227,1.932576,-22.083946,12.620177
213.594,1.959198,-22.085521,12.640402
213.961,1.957174,-22.092527,12.636515
214.328,1.975397,-22.100995,12.659046
214.695,1.996473,-22.094374,12.659622
215.062,2.021408,-22.106421,12.636652
215.429,2.050681,-22.098345,12.648876
215.796,2.064401,-22.082594,12.666933
216.163,2.074776,-22.068652,12.693328
216.53,2.110535,-22.085671,12.67479
216.897,2.122837,-22.07106,12.680713
217.264,2.139925,-22.03073,12.70808
217.631,2.160099,-22.015063,12.711218
217.998,2.15424,-22.00707,12.69945
218.365,2.181378,-21.972515,12.692272
218.732,2.202503,-21.957501,12.715032
219.099,2.244809,-21.957863,12.712245
219.466,2.251019,-21.938345,12.717631
219.833,2.266959,-21.905097,12.727885
220.2,2.304455,-21.898166,12.741457
220.567,2.287741,-21.883788,12.76124
220.934,2.338153,-21.876065,12.736272
221.301,2.35337,-21.863526,12.757271
221.668,2.340908,-21.88176,12.753921
222.035,2.400161,-21.847247,12.764515
222.402,2.383711,-21.838358,12.777382
222.769,2.406297,-21.814349,12.773201
223.136,2.416261,-21.827408,12.772877
223.503,2.449861,-21.832917,12.787834
223.87,2.436872,-21.803596,12.809778
224.237,2.46147,-21.808747,12.793952
224.604,2.490615,-21.815456,12.792822
224.971,2.500684,-21.792508,12.808283
225.338,2.501414,-21.812988,12.798477
225.705,2.544678,-21.791658,12.795582
226.072,2.558066,-21.797167,12.806489
226.439,2.565748,-21.767576,12.807684
226.806,2.596065,-21.766459,12.813986
227.173,2.608625,-21.778292,12.83556
227.54,2.603257,-21.760794,12.85582
227.907,2.63558,-21.752947,12.841612
228.274,2.644011,-21.736532,12.841131
228.641,2.645299,-21.756199,12.856282
229.008,2.671315,-21.745259,12.850534
229.375,2.691024,-21.772333,12.873153
229.742,2.692545,-21.779736,12.882116
230.109,2.726059,-21.80811,12.865946
230.476,2.746823,-21.833893,12.900564
230.843,2.773489,-21.83601,12.876278
231.21,2.755241,-21.836559,12.879138
231.577,2.768151,-21.858614,12.881008
231.944,2.791118,-21.884365,12.902445
232.311,2.826362,-21.885965,12.906603
232.678,2.838272,-21.878548,12.901116
233.045,2.841297,-21.866859,12.901769
233.412,2.874418,-21.876588,12.899647
233.779,2.872289,-21.917054,12.918863
234.146,2.88715,-21.925853,12.902926
234.513,2.895789,-21.923323,12.939262
234.88,2.919246,-21.92908,12.919091
235.247,2.912933,-21.971159,12.931865
235.614,2.938758,-21.958898,12.960055
235.981,2.953429,-21.969747,12.960964
236.348,2.969112,-21.971749,12.941041
236.715,2.992625,-21.980315,12.958224
237.082,2.987133,-21.991734,12.958865
237.449,2.999706,-21.98851,12.958475
237.816,3.03271,-21.979883,12.974262
238.183,3.026041,-21.983957,12.980892
238.55,3.049247,-21.994461,12.966382
238.917,3.066574,-22.001314,12.982785
239.284,3.06547,-21.955698,12.987152
239.651,3.087632,-21.943282,12.970121
240.018,3.104408,-21.94994,12.997356
240.385,3.122692,-21.936011,12.990934
240.752,3.120385,-21.925602,13.004851
241.119,3.13543,-21.899539,12.985974
241.486,3.149825,-21.924027,13.008616
241.853,3.170773,-21.90224,13.001435
242.22,3.159728,-21.893682,12.998588
242.587,3.192346,-21.892284,13.02664
242.954,3.203428,-21.881617,13.01547
243.321,3.20363,-21.869488,13.022682
243.688,3.250722,-21.876858,13.0085
244.055,3.252772,-21.871481,13.036351
244.422,3.249139,-21.8639,13.034505
244.789,3.296594,-21.851784,
245.156,3.269768,-21.866738,
245.523,3.289617,-21.854605,
245.89,3.299662,-21.859968,
246.257,3.30581,-21.844301,
246.624,3.311755,-21.83386,
246.991,3.329298,-21.859903,
247.358,3.330764,-21.843303,
247.725,3.376506,-21.852618,
248.092,3.363499,-21.848895,
248.459,3.370137,-21.868707,
248.826,3.390306,-21.856467,
249.193,3.415407,-21.892589,
249.56,3.389379,-21.921677,
249.927,3.420506,-21.92767,
250.294,3.442926,-21.962145,
250.661,3.456609,-21.963768,
251.028,3.456903,-22.005383,
251.395,3.469187,-22.03902,
251.762,3.451044,-22.083511,
252.129,3.47447,-22.088268,
252.496,3.471445,-22.105594,
252.863,3.484054,-22.122597,
253.23,3.51115,-22.148224,
253.597,3.51793,-22.183424,
253.964,3.531379,-22.210614,
254.331,3.53206,-22.230668,
254.698,3.546381,-22.283752,
255.065,3.564653,-22.284577,
255.432,3.572421,-22.308598,
255.799,3.601167,-22.301788,
256.166,3.590245,-22.307202,
256.533,3.587405,-22.284585,
256.9,3.612874,-22.314469,
257.267,3.636085,-22.315509,
257.634,3.632165,-22.312175,
258.001,3.651044,-22.310568,
258.368,3.645718,-22.287877,
258.735,3.655781,-22.28741,
259.102,3.682287,-22.28665,
259.469,3.66226,-22.259659,
259.836,3.687687,-22.237337,
260.203,3.707394,-22.239621,
260.57,3.725126,-22.230955,
260.937,3.714389,-22.230951,
261.304,3.734496,-22.237629,
261.671,3.750602,-22.208823,
262.038,3.748694,-22.207506,
262.405,3.736889,-22.202852,
262.772,3.767211,-22.176935,
263.139,3.758738,-22.177367,
263.506,3.797374,-22.155911,
263.873,3.787453,-22.147644,
264.24,3.788354,-22.128352,
264.607,3.809535,-22.147712,
264.974,3.82742,-22.088785,
265.341,3.800976,-22.094859,
265.708,3.837765,-22.08557,
266.075,3.843655,-22.071519,
266.442,3.838366,-22.093515,
266.809,3.852472,-22.07416,
267.176,3.863952,-22.059027,
267.543,3.885733,-22.050377,
267.91,3.871787,-22.079093,
268.277,3.885537,-22.060424,
268.644,3.896562,-22.04111,
269.011,3.884592,-22.057321,
269.378,3.922074,-22.073756,
269.745,3.913202,-22.046301,
270.112,3.935615,-22.048135,
270.479,3.916479,-22.064682,
270.846,3.967177,-22.046157,
271.213,3.980454,-22.028128,
271.58,3.95528,-22.050775,
271.947,3.972723,-22.030959,
272.314,3.974196,-22.02811,
272.681,3.994228,-22.054321,
273.048,3.99983,-22.054062,
273.415,3.998045,-22.041721,
273.782,4.017494,-22.032239,
274.149,4.028636,-22.042234,
274.516,4.02336,-22.040266,
274.883,,-22.028646,
275.25,,-22.044434,
275.617,,-22.071728,
275.984,,-22.036659,
276.351,,-22.064339,
276.718,,-22.064428,
277.085,,-22.077619,
277.452,,-22.102929,
277.819,,-22.126476,
278.186,,-22.151413,
278.553,,-22.180712,
278.92,,-22.187464,
279.287,,-22.22609,
279.654,,-22.22416,
280.021,,-22.247634,
280.388,,-22.281535,
280.755,,-22.260046,
281.122,,-22.272377,
281.489,,-22.268559,
281.856,,-22.261659,
282.223,,-22.260099,
282.59,,-22.258268,
282.957,,-22.265863,
283.324,,-22.26224,
283.691,,-22.269545,
284.058,,-22.280862,
284.425,,-22.269652,
284.792,,-22.25532,
285.159,,-22.234239,
285.526,,-22.258847,
285.893,,-22.263014,
286.26,,-22.208776,
286.627,,-22.238964,
286.994,,-22.233756,
287.361,,-22.318038,
287.728,,-22.459866,
288.095,,-22.215147,
288.462,,-22.192963,
288.829,,-22.193045,
289.196,,-22.20272,
289.563,,-22.177896,
289.93,,-22.133401,
290.297,,-22.13855,
290.664,,-22.134423,
291.031,,-22.102453,
291.398,,-22.083461,
291.765,,-22.048698,
292.132,,-22.037437,
292.499,,-22.037138,
292.866,,-21.943544,
293.233,,-21.969526,
293.6,,-21.949459,
293.967,,-21.904753,
294.334,,-21.913516,
294.701,,-21.851075,
295.068,,-21.83273,
295.435,,-21.829562,
295.802,,-21.83316,
296.169,,-21.827662,
296.536,,-21.819379,
296.903,,-21.791162,
297.27,,-21.794217,
297.637,,-21.786886,
298.004,,-21.792916,
298.371,,-21.792692,
298.738,,-21.803697,
299.105,,-21.835506,
299.472,,-21.854227,
299.839,,-21.863369,
300.206,,-21.876874,
300.573,,-21.875048,
300.94,,-21.918901,
301.307,,-21.955226,
301.674,,-21.964257,
302.041,,-22.013299,
302.408,,-22.02257,
302.775,,-22.052396,
303.142,,-22.082389,
303.509,,-22.102482,
303.876,,-22.131174,
304.243,,-22.150327,
304.61,,-22.161683,
304.977,,-22.172498,
305.344,,-22.180453,
305.711,,-22.187225,
306.078,,-22.214856,
306.445,,-22.215251,
306.812,,-22.215925,
307.179,,-22.206426,
307.546,,-22.203002,
307.913,,-22.216428,
308.28,,-22.206476,
308.647,,-22.230341,
309.014,,-22.197533,
309.381,,-22.214111,
309.748,,-22.200493,
310.115,,-22.154448,
310.482,,-22.187835,
310.849,,-22.163836,
311.216,,-22.157942,
311.583,,-22.183489,
311.95,,-22.170697,
312.317,,-22.174583,
312.684,,-22.196729,
313.051,,-22.195381,
313.418,,-22.212356,
313.785,,-22.224223,
314.152,,-22.260597,
314.519,,-22.26007,
314.886,,-22.249065,
315.253,,-22.270729,
315.62,,-22.310272,
315.987,,-22.301053,
316.354,,-22.301618,
316.721,,-22.330971,
317.088,,-22.345583,
317.455,,-22.336479,
317.822,,-22.343216,
318.189,,-22.361559,
318.556,,-22.33206,
318.923,,-22.357407,
319.29,,-22.321855,
319.657,,-22.347845,
320.024,,-22.320532,
320.391,,-22.304313,
320.758,,-22.281976,
321.125,,-22.28865,
321.492,,-22.276702,
321.859,,-22.238033,
322.226,,-22.237458,
322.593,,-22.217929,
322.96,,-22.219306,
323.327,,-22.193837,
323.694,,-22.154504,
324.061,,-22.160716,
324.428,,-22.150044,
324.795,,-22.129365,
325.162,,-22.134178,
325.529,,-22.115771,
325.896,,-22.108678,
326.263,,-22.108479,
326.63,,-22.122175,
326.997,,-22.122118,
327.364,,-22.14219,
327.731,,-22.146902,
328.098,,-22.159649,
328.465,,-22.182162,
328.832,,-22.196588,
329.199,,-22.199964,
329.566,,-22.239282,
329.933,,-22.220803,
330.3,,-22.262565,
330.667,,-22.26494,
331.034,,-22.265717,
331.401,,-22.296492,
331.768,,-22.286146,
332.135,,-22.293183,
332.502,,-22.274318,
332.869,,-22.28367,
333.236,,-22.262563,
333.603,,-22.257249,
333.97,,-22.27381,
334.337,,-22.29165,
334.704,,-22.294854,
335.071,,-22.296628,
335.438,,-22.321227,
335.805,,-22.296329,
336.172,,-22.320932,
336.539,,-22.319023,
336.906,,-22.334649,
337.273,,-22.340512,
337.64,,-22.355849,
338.007,,-22.345844,
338.374,,-22.331718,
338.741,,-22.326803,
339.108,,-22.34256,
339.475,,-22.309953,
339.842,,-22.335161,
340.209,,-22.296583,
340.576,,-22.31644,
340.943,,-22.285051,
341.31,,-22.299205,
341.677,,-22.310756,
342.044,,-22.291928,
342.411,,-22.284096,
342.778,,-22.251801,
343.145,,-22.251825,
343.512,,-22.255819,
343.879,,-22.268724,
344.246,,-22.272748,
344.613,,-22.27915,
344.98,,-22.286464,
345.347,,-22.275931,
345.714,,-22.276519,
346.081,,-22.290814,
346.448,,-22.301154,
346.815,,-22.313404,
347.182,,-22.323166,
347.549,,-22.338469,
347.916,,-22.331685,
348.283,,-22.337358,
348.65,,-22.339723,
349.017,,-22.347075,
349.384,,-22.318425,
349.751,,-22.330191,
350.118,,-22.319545,
350.485,,-22.34991,
350.852,,-22.32732,
351.219,,-22.320721,
351.586,,-22.310147,
351.953,,-22.300667,
352.32,,-22.318784,
352.687,,-22.303377,
353.054,,-22.2944,
353.421,,-22.292378,
353.788,,-22.277407,
354.155,,-22.292272,
354.522,,-22.287116,
354.889,,-22.264878,
355.256,,-22.266462,
355.623,,-22.276336,
355.99,,-22.264086,
356.357,,-22.259491,
356.724,,-22.283639,
357.091,,-22.256317,
357.458,,-22.23819,
357.825,,-22.243586,
358.192,,-22.221631,
358.559,,-22.20699,
358.926,,-22.232211,
359.293,,-22.227931,
359.66,,-22.201919,
360.027,,-22.204413,
360.394,,-22.187052,
360.761,,-22.176048,
361.128,,-22.181723,
361.495,,-22.163332,
361.862,,-22.141608,
362.229,,-22.132435,
362.596,,-22.133082,
362.963,,-22.138188,
363.33,,-22.125228,
363.697,,-22.153744,
364.064,,-22.177512,
364.431,,-22.223273,
364.798,,-22.22513,
365.165,,-22.287545,
365.532,,-22.304409,
365.899,,-22.377615,
366.266,,-22.413965,
366.633,,-22.453228,
367,,-22.537819,
367.367,,-22.534133,
367.734,,-22.578152,
368.101,,-22.602451,
368.468,,-22.627246,
368.835,,-22.651918,
369.202,,-22.674325,
369.569,,-22.677932,
369.936,,-22.672318,
370.303,,-22.661214,
370.67,,-22.684332,
371.037,,-22.661247,
371.404,,-22.673097,
